[{"id":44,"data":{"alt":"","caption":"","title":"cropped-emblem-512.png","desc":"<p>http:\/\/powersimple.192.168.1.11.xip.io:8899\/wp-content\/uploads\/2018\/04\/cropped-emblem-512.png<\/p>\n","path":"2018\/04\/","file":"cropped-emblem-512.png","mime":"image\/png","meta":{"w":512,"h":512,"sizes":{"thumbnail":"cropped-emblem-512-150x150.png","medium":"cropped-emblem-512-300x300.png","twentyseventeen-thumbnail-avatar":"cropped-emblem-512-100x100.png","square-small":"cropped-emblem-512-480x480.png","sq-sm":"cropped-emblem-512-500x500.png"}}}},{"id":46,"data":{"alt":"","caption":"","title":"BenWorld","desc":"","path":"2018\/04\/","file":"BenWorld.jpg","mime":"image\/jpeg","meta":{"w":1600,"h":960,"sizes":{"thumbnail":"BenWorld-150x150.jpg","medium":"BenWorld-300x180.jpg","medium_large":"BenWorld-768x461.jpg","large":"BenWorld-1024x614.jpg","hero":"BenWorld-1500x900.jpg","sq-lg":"BenWorld-1500x960.jpg","sq-med":"BenWorld-1000x960.jpg","sq-sm":"BenWorld-500x500.jpg","twentyseventeen-thumbnail-avatar":"BenWorld-100x100.jpg","square-large":"BenWorld-1024x960.jpg","square-medium":"BenWorld-768x768.jpg","square-small":"BenWorld-480x480.jpg"}}}},{"id":47,"data":{"alt":"","caption":"","title":"cropped-BenWorld.jpg","desc":"","path":"2018\/04\/","file":"cropped-BenWorld.jpg","mime":"image\/jpeg","meta":{"w":2000,"h":1200,"sizes":{"thumbnail":"cropped-BenWorld-150x150.jpg","medium":"cropped-BenWorld-300x180.jpg","medium_large":"cropped-BenWorld-768x461.jpg","large":"cropped-BenWorld-1024x614.jpg","twentyseventeen-featured-image":"cropped-BenWorld-2000x1200.jpg","twentyseventeen-thumbnail-avatar":"cropped-BenWorld-100x100.jpg","hero":"cropped-BenWorld-1500x900.jpg","square-large":"cropped-BenWorld-1024x1024.jpg","square-medium":"cropped-BenWorld-768x768.jpg","square-small":"cropped-BenWorld-480x480.jpg","sq-sm":"cropped-BenWorld-500x500.jpg"}}}},{"id":52,"data":{"alt":"","caption":"","title":"Powersimple","desc":"","path":"2018\/04\/","file":"powersimple-logo-01.svg","mime":"image\/svg+xml","meta":[""]}},{"id":53,"data":{"alt":"","caption":"","title":"cropped-emblem-512-1.png","desc":"<p>http:\/\/powersimple.192.168.1.11.xip.io:8899\/wp-content\/uploads\/2018\/04\/cropped-emblem-512-1.png<\/p>\n","path":"2018\/04\/","file":"cropped-emblem-512-1.png","mime":"image\/png","meta":{"w":250,"h":250,"sizes":{"thumbnail":"cropped-emblem-512-1-150x150.png","twentyseventeen-thumbnail-avatar":"cropped-emblem-512-1-100x100.png"}}}},{"id":56,"data":{"alt":"","caption":"","title":"cropped-emblem-512-2.png","desc":"<p>http:\/\/powersimple.192.168.1.11.xip.io:8899\/wp-content\/uploads\/2018\/04\/cropped-emblem-512-2.png<\/p>\n","path":"2018\/04\/","file":"cropped-emblem-512-2.png","mime":"image\/png","meta":{"w":250,"h":250,"sizes":{"thumbnail":"cropped-emblem-512-2-150x150.png","twentyseventeen-thumbnail-avatar":"cropped-emblem-512-2-100x100.png"}}}},{"id":86,"data":{"alt":"","caption":"","title":"Schwab-Hero","desc":"","path":"2018\/04\/","file":"Schwab-Hero.jpg","mime":"image\/jpeg","meta":{"w":1600,"h":900,"sizes":{"thumbnail":"Schwab-Hero-150x150.jpg","medium":"Schwab-Hero-300x169.jpg","medium_large":"Schwab-Hero-768x432.jpg","large":"Schwab-Hero-1024x576.jpg","hero":"Schwab-Hero-1500x844.jpg","sq-lg":"Schwab-Hero-1500x900.jpg","sq-med":"Schwab-Hero-1000x900.jpg","sq-sm":"Schwab-Hero-500x500.jpg","twentyseventeen-thumbnail-avatar":"Schwab-Hero-100x100.jpg","square-large":"Schwab-Hero-1024x900.jpg","square-medium":"Schwab-Hero-768x768.jpg","square-small":"Schwab-Hero-480x480.jpg"}}}},{"id":103,"data":{"alt":"","caption":"","title":"T2","desc":"","path":"2018\/04\/","file":"T2.jpg","mime":"image\/jpeg","meta":{"w":1920,"h":1200,"sizes":{"thumbnail":"T2-150x150.jpg","medium":"T2-300x188.jpg","medium_large":"T2-768x480.jpg","large":"T2-1024x640.jpg","hero":"T2-1500x938.jpg","sq-lg":"T2-1500x1200.jpg","sq-med":"T2-1000x1000.jpg","sq-sm":"T2-500x500.jpg","twentyseventeen-featured-image":"T2-1920x1200.jpg","twentyseventeen-thumbnail-avatar":"T2-100x100.jpg","square-large":"T2-1024x1024.jpg","square-medium":"T2-768x768.jpg","square-small":"T2-480x480.jpg"}}}},{"id":104,"data":{"alt":"","caption":"","title":"t2computing","desc":"","path":"2018\/04\/","file":"t2computing.mp4","mime":"video\/mp4","meta":{"bitrate":1850310,"filesize":8031649,"mime_type":"video\/quicktime","length":35,"length_formatted":"0:35","width":1280,"height":794,"fileformat":"mp4","dataformat":"quicktime","created_timestamp":1523412059}}},{"id":111,"data":{"alt":"","caption":"","title":"VanishingGame","desc":"","path":"2018\/04\/","file":"VanishingGame.jpg","mime":"image\/jpeg","meta":{"w":1920,"h":1200,"sizes":{"thumbnail":"VanishingGame-150x150.jpg","medium":"VanishingGame-300x188.jpg","medium_large":"VanishingGame-768x480.jpg","large":"VanishingGame-1024x640.jpg","hero":"VanishingGame-1500x938.jpg","sq-lg":"VanishingGame-1500x1200.jpg","sq-med":"VanishingGame-1000x1000.jpg","sq-sm":"VanishingGame-500x500.jpg","twentyseventeen-featured-image":"VanishingGame-1920x1200.jpg","twentyseventeen-thumbnail-avatar":"VanishingGame-100x100.jpg","square-large":"VanishingGame-1024x1024.jpg","square-medium":"VanishingGame-768x768.jpg","square-small":"VanishingGame-480x480.jpg"}}}},{"id":113,"data":{"alt":"","caption":"","title":"Voya","desc":"","path":"2018\/04\/","file":"Voya.jpg","mime":"image\/jpeg","meta":{"w":1920,"h":1200,"sizes":{"thumbnail":"Voya-150x150.jpg","medium":"Voya-300x188.jpg","medium_large":"Voya-768x480.jpg","large":"Voya-1024x640.jpg","hero":"Voya-1500x938.jpg","sq-lg":"Voya-1500x1200.jpg","sq-med":"Voya-1000x1000.jpg","sq-sm":"Voya-500x500.jpg","twentyseventeen-featured-image":"Voya-1920x1200.jpg","twentyseventeen-thumbnail-avatar":"Voya-100x100.jpg","square-large":"Voya-1024x1024.jpg","square-medium":"Voya-768x768.jpg","square-small":"Voya-480x480.jpg"}}}},{"id":114,"data":{"alt":"","caption":"","title":"Chevron","desc":"","path":"2018\/04\/","file":"Chevron.jpg","mime":"image\/jpeg","meta":{"w":1920,"h":1200,"sizes":{"thumbnail":"Chevron-150x150.jpg","medium":"Chevron-300x188.jpg","medium_large":"Chevron-768x480.jpg","large":"Chevron-1024x640.jpg","hero":"Chevron-1500x938.jpg","sq-lg":"Chevron-1500x1200.jpg","sq-med":"Chevron-1000x1000.jpg","sq-sm":"Chevron-500x500.jpg"}}}},{"id":118,"data":{"alt":"","caption":"","title":"powersimple-emblem-01","desc":"","path":"2018\/05\/","file":"powersimple-emblem-01.svg","mime":"image\/svg+xml","meta":[""]}},{"id":119,"data":{"alt":"","caption":"","title":"C21-edit","desc":"","path":"2018\/05\/","file":"C21-edit.mp4","mime":"video\/mp4","meta":{"bitrate":4984730,"filesize":3424203,"mime_type":"video\/quicktime","length":5,"length_formatted":"0:05","width":1080,"height":1078,"fileformat":"mp4","dataformat":"quicktime","created_timestamp":1525713087}}},{"id":141,"data":{"alt":"","caption":"","title":"fork-this-01","desc":"","path":"2018\/05\/","file":"fork-this-01.svg","mime":"image\/svg+xml","meta":[""]}},{"id":145,"data":{"alt":"","caption":"","title":"James-Cover640","desc":"","path":"2018\/05\/","file":"James-Cover640.jpg","mime":"image\/jpeg","meta":{"w":640,"h":853,"sizes":{"thumbnail":"James-Cover640-150x150.jpg","medium":"James-Cover640-225x300.jpg","sq-sm":"James-Cover640-500x500.jpg","twentyseventeen-thumbnail-avatar":"James-Cover640-100x100.jpg","square-medium":"James-Cover640-640x768.jpg","square-small":"James-Cover640-480x480.jpg"}}}},{"id":155,"data":{"alt":"Ben Erwin standing in front of one of his desks","caption":"Ben Erwin","title":"Powersimple, LLC","desc":"<p>founded in 1997 to provide forward thinking web engineering solutions<\/p>\n","path":"2018\/06\/","file":"BenWorld.png","mime":"image\/png","meta":{"w":1600,"h":960,"sizes":{"sq-lg":"BenWorld-1500x960.png","sq-med":"BenWorld-1000x960.png","sq-sm":"BenWorld-500x500.png","thumbnail":"BenWorld-150x150.png","medium":"BenWorld-300x180.png","medium_large":"BenWorld-768x461.png","large":"BenWorld-1024x614.png","hero":"BenWorld-1500x900.png","twentyseventeen-thumbnail-avatar":"BenWorld-100x100.png","square-large":"BenWorld-1024x960.png","square-medium":"BenWorld-768x768.png","square-small":"BenWorld-480x480.png"}}}},{"id":240,"data":{"alt":"","caption":"","title":"LiveAtPompeii","desc":"","path":"2018\/06\/","file":"LiveAtPompeii.jpg","mime":"image\/jpeg","meta":{"w":2000,"h":1500,"sizes":{"thumbnail":"LiveAtPompeii-150x150.jpg","medium":"LiveAtPompeii-300x225.jpg","medium_large":"LiveAtPompeii-768x576.jpg","large":"LiveAtPompeii-1024x768.jpg","hero":"LiveAtPompeii-1500x1125.jpg","sq-jumbo":"LiveAtPompeii-2000x1500.jpg","sq-lg":"LiveAtPompeii-1500x1500.jpg","sq-med":"LiveAtPompeii-1000x1000.jpg","sq-sm":"LiveAtPompeii-500x500.jpg"}}}},{"id":273,"data":{"alt":"","caption":"","title":"drone-photography","desc":"","path":"2018\/07\/","file":"drone-photography.jpg","mime":"image\/jpeg","meta":{"w":755,"h":755,"sizes":{"thumbnail":"drone-photography-150x150.jpg","medium":"drone-photography-300x300.jpg","sq-sm":"drone-photography-500x500.jpg"}}}},{"id":274,"data":{"alt":"","caption":"","title":"drone-photography2","desc":"","path":"2018\/07\/","file":"drone-photography2.jpg","mime":"image\/jpeg","meta":{"w":1239,"h":1239,"sizes":{"thumbnail":"drone-photography2-150x150.jpg","medium":"drone-photography2-300x300.jpg","medium_large":"drone-photography2-768x768.jpg","large":"drone-photography2-1024x1024.jpg","sq-med":"drone-photography2-1000x1000.jpg","sq-sm":"drone-photography2-500x500.jpg"}}}},{"id":275,"data":{"alt":"","caption":"","title":"DroneReel","desc":"","path":"2018\/07\/","file":"DroneReel.mp4","mime":"video\/mp4","meta":{"filesize":23197622,"mime_type":"video\/mp4","length":38,"length_formatted":"0:38","width":720,"height":720,"fileformat":"mp4","dataformat":"quicktime","audio":{"dataformat":"mp4","codec":"ISO\/IEC 14496-3 AAC","sample_rate":48000,"channels":1,"bits_per_sample":16,"lossless":false,"channelmode":"mono"},"created_timestamp":1532953383}}},{"id":277,"data":{"alt":"","caption":"","title":"SunRiseDogs","desc":"","path":"2018\/08\/","file":"SunRiseDogs.jpg","mime":"image\/jpeg","meta":{"w":2000,"h":1333,"sizes":{"thumbnail":"SunRiseDogs-150x150.jpg","medium":"SunRiseDogs-300x200.jpg","medium_large":"SunRiseDogs-768x512.jpg","large":"SunRiseDogs-1024x682.jpg","hero":"SunRiseDogs-1500x1000.jpg","sq-jumbo":"SunRiseDogs-2000x1333.jpg","sq-lg":"SunRiseDogs-1500x1333.jpg","sq-med":"SunRiseDogs-1000x1000.jpg","sq-sm":"SunRiseDogs-500x500.jpg"}}}},{"id":278,"data":{"alt":"","caption":"","title":"TiberSunset","desc":"","path":"2018\/08\/","file":"TiberSunset.jpg","mime":"image\/jpeg","meta":{"w":1965,"h":1310,"sizes":{"thumbnail":"TiberSunset-150x150.jpg","medium":"TiberSunset-300x200.jpg","medium_large":"TiberSunset-768x512.jpg","large":"TiberSunset-1024x683.jpg","hero":"TiberSunset-1500x1000.jpg","sq-lg":"TiberSunset-1500x1310.jpg","sq-med":"TiberSunset-1000x1000.jpg","sq-sm":"TiberSunset-500x500.jpg"}}}},{"id":279,"data":{"alt":"","caption":"","title":"HavangSwan","desc":"","path":"2018\/08\/","file":"HavangSwan.jpg","mime":"image\/jpeg","meta":{"w":1333,"h":2000,"sizes":{"thumbnail":"HavangSwan-150x150.jpg","medium":"HavangSwan-200x300.jpg","medium_large":"HavangSwan-768x1152.jpg","large":"HavangSwan-682x1024.jpg","sq-jumbo":"HavangSwan-1333x2000.jpg","sq-lg":"HavangSwan-1333x1500.jpg","sq-med":"HavangSwan-1000x1000.jpg","sq-sm":"HavangSwan-500x500.jpg"}}}},{"id":280,"data":{"alt":"","caption":"","title":"treepointpespectve","desc":"","path":"2018\/08\/","file":"treepointpespectve.jpg","mime":"image\/jpeg","meta":{"w":2000,"h":1333,"sizes":{"thumbnail":"treepointpespectve-150x150.jpg","medium":"treepointpespectve-300x200.jpg","medium_large":"treepointpespectve-768x512.jpg","large":"treepointpespectve-1024x682.jpg","hero":"treepointpespectve-1500x1000.jpg","sq-jumbo":"treepointpespectve-2000x1333.jpg","sq-lg":"treepointpespectve-1500x1333.jpg","sq-med":"treepointpespectve-1000x1000.jpg","sq-sm":"treepointpespectve-500x500.jpg"}}}},{"id":281,"data":{"alt":"","caption":"","title":"HavangDogs","desc":"","path":"2018\/08\/","file":"HavangDogs.jpg","mime":"image\/jpeg","meta":{"w":2000,"h":1333,"sizes":{"thumbnail":"HavangDogs-150x150.jpg","medium":"HavangDogs-300x200.jpg","medium_large":"HavangDogs-768x512.jpg","large":"HavangDogs-1024x682.jpg","hero":"HavangDogs-1500x1000.jpg","sq-jumbo":"HavangDogs-2000x1333.jpg","sq-lg":"HavangDogs-1500x1333.jpg","sq-med":"HavangDogs-1000x1000.jpg","sq-sm":"HavangDogs-500x500.jpg"}}}},{"id":282,"data":{"alt":"Ben Erwin with Vitalik Buterin and Vlad Zamfir","caption":"I don't actually know these guys","title":"Byzantine General Sandwich","desc":"<p>At ETHWaterloo in October 2017 I met these Ethereum Geniuses who were kind enough to pose for a picture with me on the eve of the Metropolis Hardfork <\/p>\n","path":"2018\/08\/","file":"ByzantineGenerals.jpg","mime":"image\/jpeg","meta":{"w":960,"h":720,"sizes":{"thumbnail":"ByzantineGenerals-150x150.jpg","medium":"ByzantineGenerals-300x225.jpg","medium_large":"ByzantineGenerals-768x576.jpg","sq-sm":"ByzantineGenerals-500x500.jpg"}}}},{"id":351,"data":{"alt":"","caption":"","title":"JamesJourney","desc":"","path":"2018\/05\/","file":"JamesJourney.jpg","mime":"image\/jpeg","meta":{"w":1500,"h":1500,"sizes":{"thumbnail":"JamesJourney-150x150.jpg","medium":"JamesJourney-300x300.jpg","medium_large":"JamesJourney-768x768.jpg","large":"JamesJourney-1024x1024.jpg","hero":"JamesJourney-1500x1500.jpg","sq-med":"JamesJourney-1000x1000.jpg","sq-sm":"JamesJourney-500x500.jpg"}}}},{"id":353,"data":{"alt":"","caption":"","title":"JamesJourneyCover","desc":"","path":"2018\/05\/","file":"JamesJourneyCover.jpg","mime":"image\/jpeg","meta":{"w":1500,"h":1500,"sizes":{"thumbnail":"JamesJourneyCover-150x150.jpg","medium":"JamesJourneyCover-300x300.jpg","medium_large":"JamesJourneyCover-768x768.jpg","large":"JamesJourneyCover-1024x1024.jpg","hero":"JamesJourneyCover-1500x1500.jpg","sq-med":"JamesJourneyCover-1000x1000.jpg","sq-sm":"JamesJourneyCover-500x500.jpg"}}}},{"id":355,"data":{"alt":"Schwab - Tips for Smart Investing","caption":"Tips For Smart Investing","title":"Charles Schwab","desc":"<p>Highcharts made interactive with a slider showing the performance of portfolio risk over 30 years.<\/p>\n","path":"2018\/08\/","file":"Schwab.jpg","mime":"image\/jpeg","meta":{"w":1500,"h":1500,"sizes":{"thumbnail":"Schwab-150x150.jpg","medium":"Schwab-300x300.jpg","medium_large":"Schwab-768x768.jpg","large":"Schwab-1024x1024.jpg","hero":"Schwab-1500x1500.jpg","sq-med":"Schwab-1000x1000.jpg","sq-sm":"Schwab-500x500.jpg"}}}},{"id":359,"data":{"alt":"","caption":"","title":"NAR","desc":"","path":"2018\/08\/","file":"NAR.jpg","mime":"image\/jpeg","meta":{"w":2000,"h":2000,"sizes":{"thumbnail":"NAR-150x150.jpg","medium":"NAR-300x300.jpg","medium_large":"NAR-768x768.jpg","large":"NAR-1024x1024.jpg","hero":"NAR-1500x1500.jpg","sq-lg":"NAR-1500x1500.jpg","sq-med":"NAR-1000x1000.jpg","sq-sm":"NAR-500x500.jpg"}}}},{"id":363,"data":{"alt":"","caption":"","title":"Voya","desc":"","path":"2018\/08\/","file":"Voya.jpg","mime":"image\/jpeg","meta":{"w":2000,"h":2000,"sizes":{"thumbnail":"Voya-150x150.jpg","medium":"Voya-300x300.jpg","medium_large":"Voya-768x768.jpg","large":"Voya-1024x1024.jpg","hero":"Voya-1500x1500.jpg","sq-lg":"Voya-1500x1500.jpg","sq-med":"Voya-1000x1000.jpg","sq-sm":"Voya-500x500.jpg"}}}},{"id":365,"data":{"alt":"","caption":"","title":"Chevron","desc":"","path":"2018\/08\/","file":"Chevron.jpg","mime":"image\/jpeg","meta":{"w":2000,"h":2000,"sizes":{"thumbnail":"Chevron-150x150.jpg","medium":"Chevron-300x300.jpg","medium_large":"Chevron-768x768.jpg","large":"Chevron-1024x1024.jpg","hero":"Chevron-1500x1500.jpg","sq-lg":"Chevron-1500x1500.jpg","sq-med":"Chevron-1000x1000.jpg","sq-sm":"Chevron-500x500.jpg"}}}},{"id":357,"data":{"alt":"","caption":"","title":"Dell","desc":"","path":"2018\/08\/","file":"Dell.jpg","mime":"image\/jpeg","meta":{"w":2000,"h":2000,"sizes":{"thumbnail":"Dell-150x150.jpg","medium":"Dell-300x300.jpg","medium_large":"Dell-768x768.jpg","large":"Dell-1024x1024.jpg","hero":"Dell-1500x1500.jpg","sq-lg":"Dell-1500x1500.jpg","sq-med":"Dell-1000x1000.jpg","sq-sm":"Dell-500x500.jpg"}}}},{"id":361,"data":{"alt":"","caption":"","title":"SVC","desc":"","path":"2018\/08\/","file":"SVC.jpg","mime":"image\/jpeg","meta":{"w":2000,"h":2000,"sizes":{"thumbnail":"SVC-150x150.jpg","medium":"SVC-300x300.jpg","medium_large":"SVC-768x768.jpg","large":"SVC-1024x1024.jpg","hero":"SVC-1500x1500.jpg","sq-lg":"SVC-1500x1500.jpg","sq-med":"SVC-1000x1000.jpg","sq-sm":"SVC-500x500.jpg"}}}},{"id":367,"data":{"alt":"Using a canvasing app in Ohio 2008","caption":"Canvasing app for Ohio Voter Registration","title":"Vote From Home &#8217;08","desc":"<p>The VFH team used this app to get voters registered and helped win Ohio.<\/p>\n","path":"2018\/08\/","file":"CivicTech.jpg","mime":"image\/jpeg","meta":{"w":1080,"h":1080,"sizes":{"thumbnail":"CivicTech-150x150.jpg","medium":"CivicTech-300x300.jpg","medium_large":"CivicTech-768x768.jpg","large":"CivicTech-1024x1024.jpg","sq-med":"CivicTech-1000x1000.jpg","sq-sm":"CivicTech-500x500.jpg"}}}},{"id":369,"data":{"alt":"","caption":"","title":"Century21","desc":"","path":"2018\/07\/","file":"Century21.jpg","mime":"image\/jpeg","meta":{"w":2000,"h":2000,"sizes":{"thumbnail":"Century21-150x150.jpg","medium":"Century21-300x300.jpg","medium_large":"Century21-768x768.jpg","large":"Century21-1024x1024.jpg","hero":"Century21-1500x1500.jpg","sq-lg":"Century21-1500x1500.jpg","sq-med":"Century21-1000x1000.jpg","sq-sm":"Century21-500x500.jpg"}}}},{"id":371,"data":{"alt":"","caption":"","title":"LandRover","desc":"","path":"2018\/04\/","file":"LandRover.jpg","mime":"image\/jpeg","meta":{"w":1500,"h":1500,"sizes":{"thumbnail":"LandRover-150x150.jpg","medium":"LandRover-300x300.jpg","medium_large":"LandRover-768x768.jpg","large":"LandRover-1024x1024.jpg","hero":"LandRover-1500x1500.jpg","sq-med":"LandRover-1000x1000.jpg","sq-sm":"LandRover-500x500.jpg"}}}},{"id":116,"data":{"alt":"","caption":"","title":"Paid Post for Master Card","desc":"","path":"2018\/04\/","file":"MasterCard.jpg","mime":"image\/jpeg","meta":{"w":1500,"h":1500,"sizes":{"thumbnail":"MasterCard-150x150.jpg","medium":"MasterCard-300x300.jpg","medium_large":"MasterCard-768x768.jpg","large":"MasterCard-1024x1024.jpg","hero":"MasterCard-1500x1500.jpg","sq-med":"MasterCard-1000x1000.jpg","sq-sm":"MasterCard-500x500.jpg"}}}},{"id":374,"data":{"alt":"","caption":"","title":"SoFi","desc":"","path":"2018\/04\/","file":"SoFi.jpg","mime":"image\/jpeg","meta":{"w":1500,"h":1500,"sizes":{"thumbnail":"SoFi-150x150.jpg","medium":"SoFi-300x300.jpg","medium_large":"SoFi-768x768.jpg","large":"SoFi-1024x1024.jpg","hero":"SoFi-1500x1500.jpg","sq-med":"SoFi-1000x1000.jpg","sq-sm":"SoFi-500x500.jpg"}}}},{"id":376,"data":{"alt":"Website of the Office of the Special Representative of the Secretary General for Children and Armed Conflict","caption":"United Nations","title":"Children and Armed Conflict","desc":"<p>This was the first six language Wordpress site at that United Naitons<\/p>\n","path":"2018\/04\/","file":"CAAC.jpg","mime":"image\/jpeg","meta":{"w":1500,"h":1500,"sizes":{"thumbnail":"CAAC-150x150.jpg","medium":"CAAC-300x300.jpg","medium_large":"CAAC-768x768.jpg","large":"CAAC-1024x1024.jpg","hero":"CAAC-1500x1500.jpg","sq-med":"CAAC-1000x1000.jpg","sq-sm":"CAAC-500x500.jpg"}}}},{"id":378,"data":{"alt":"","caption":"","title":"Maps","desc":"","path":"2018\/08\/","file":"Maps.jpg","mime":"image\/jpeg","meta":{"w":1500,"h":1500,"sizes":{"thumbnail":"Maps-150x150.jpg","medium":"Maps-300x300.jpg","medium_large":"Maps-768x768.jpg","large":"Maps-1024x1024.jpg","hero":"Maps-1500x1500.jpg","sq-med":"Maps-1000x1000.jpg","sq-sm":"Maps-500x500.jpg"}}}}]