[{"term_id":31,"name":"Projects","slug":"projects","term_group":0,"term_taxonomy_id":31,"taxonomy":"nav_menu","description":"","parent":0,"count":15,"filter":"raw","ID":31,"items":[{"ID":311,"object":"project","object_id":"144","menu_item_parent":"0","menu_order":1,"title":"James' Journey","url":"\/project\/james-journey\/","slug":"james-journey-2","post_parent":0},{"ID":309,"object":"project","object_id":"302","menu_item_parent":"0","menu_order":2,"title":"National Urban League","url":"\/project\/national-urban-league\/","slug":"309","post_parent":0},{"ID":310,"object":"project","object_id":"271","menu_item_parent":"0","menu_order":3,"title":"Century 21 Blog","url":"\/project\/century-21-blog\/","slug":"310","post_parent":0},{"ID":312,"object":"project","object_id":"102","menu_item_parent":"0","menu_order":4,"title":"United Nations \u2013 Office of the Special Representative of the Secretary-General for Sexual Violence in Conflict","url":"\/project\/united-nations-office-of-the-special-representative-of-the-secretary-general-for-sexual-violence-in-conflict\/","slug":"united-nations-office-of-the-special-representative-of-the-secretary-general-for-sexual-violence-in-conflict-2","post_parent":0},{"ID":313,"object":"project","object_id":"101","menu_item_parent":"0","menu_order":5,"title":"United Nations \u2013 Office of the Special Representative of the Secretary-General for Children and Armed Conflict","url":"\/project\/united-nations-office-of-the-special-representative-of-the-secretary-general-for-children-and-armed-conflict\/","slug":"united-nations-office-of-the-special-representative-of-the-secretary-general-for-children-and-armed-conflict-2","post_parent":0},{"ID":314,"object":"project","object_id":"80","menu_item_parent":"0","menu_order":6,"title":"T2 Computing","url":"\/project\/t2-computing\/","slug":"314","post_parent":0},{"ID":321,"object":"project","object_id":"81","menu_item_parent":"0","menu_order":7,"title":"Tekserve.com","url":"\/project\/tekserve\/","slug":"321","post_parent":0},{"ID":315,"object":"project","object_id":"94","menu_item_parent":"0","menu_order":8,"title":"Voya  \u2013 How Ready Are You For Retirement","url":"\/project\/voya-how-ready-are-you-for-retirement\/","slug":"voya-how-ready-are-you-for-retirement-2","post_parent":0},{"ID":316,"object":"project","object_id":"93","menu_item_parent":"0","menu_order":9,"title":"Land Rover \u2013 The Vanishing Game","url":"\/project\/land-rover-the-vanishing-game\/","slug":"land-rover-the-vanishing-game-2","post_parent":0},{"ID":317,"object":"project","object_id":"96","menu_item_parent":"0","menu_order":10,"title":"Chevron  \u2013 How Our Energy Needs are Changing","url":"\/project\/chevron-how-our-energy-needs-are-changing\/","slug":"chevron-how-our-energy-needs-are-changing-2","post_parent":0},{"ID":318,"object":"project","object_id":"95","menu_item_parent":"0","menu_order":11,"title":"MasterCard \u2013 The Surprising Cost of Not Taking a Vacation","url":"\/project\/mastercard-the-surprising-cost-of-not-taking-a-vacation\/","slug":"mastercard-the-surprising-cost-of-not-taking-a-vacation-2","post_parent":0},{"ID":319,"object":"project","object_id":"91","menu_item_parent":"0","menu_order":12,"title":"Dell \u2013 Global Technology Adoption Index","url":"\/project\/dell\/","slug":"dell-global-technology-adoption-index-2","post_parent":0},{"ID":320,"object":"project","object_id":"89","menu_item_parent":"0","menu_order":13,"title":"Norton \u2013 Cybercrime gets Personal","url":"\/project\/norton-cybercrime-gets-personal\/","slug":"norton-cybercrime-gets-personal-2","post_parent":0},{"ID":322,"object":"project","object_id":"83","menu_item_parent":"0","menu_order":14,"title":"NAR \u2013 Data Driven Map","url":"\/project\/national-association-of-realtors\/","slug":"nar-data-driven-map-2","post_parent":0},{"ID":323,"object":"project","object_id":"82","menu_item_parent":"0","menu_order":15,"title":"SoFi \u2013 Finding Your Path","url":"\/project\/sofi-finding-your-path\/","slug":"sofi-finding-your-path-2","post_parent":0}]},{"term_id":3,"name":"Social Links","slug":"social-links","term_group":0,"term_taxonomy_id":3,"taxonomy":"nav_menu","description":"","parent":0,"count":1,"filter":"raw","ID":3,"items":[{"ID":22,"object":"custom","object_id":"22","menu_item_parent":"0","menu_order":1,"title":"Yelp","url":"https:\/\/www.yelp.com","slug":"yelp","post_parent":0}]},{"term_id":2,"name":"Wheel Menu","slug":"wheel-menu","term_group":0,"term_taxonomy_id":2,"taxonomy":"nav_menu","description":"","parent":0,"count":33,"filter":"raw","ID":2,"items":[{"ID":19,"object":"page","object_id":"8","menu_item_parent":"0","menu_order":1,"title":"About","url":"\/","slug":"19","post_parent":0},{"ID":252,"object":"page","object_id":"77","menu_item_parent":"19","menu_order":2,"title":"Projects","url":"\/about\/projects\/","slug":"252","post_parent":8},{"ID":131,"object":"page","object_id":"7","menu_item_parent":"19","menu_order":3,"title":"Ben Erwin","url":"\/about\/benerwin\/","slug":"131","post_parent":8},{"ID":255,"object":"page","object_id":"63","menu_item_parent":"19","menu_order":4,"title":"Power User","url":"\/about\/power-user\/","slug":"255","post_parent":8},{"ID":348,"object":"page","object_id":"344","menu_item_parent":"255","menu_order":5,"title":"Tables of Convenience","url":"\/about\/power-user\/tables-of-convenience\/","slug":"348","post_parent":63},{"ID":349,"object":"page","object_id":"342","menu_item_parent":"255","menu_order":6,"title":"Hardware","url":"\/about\/power-user\/hardware\/","slug":"349","post_parent":63},{"ID":340,"object":"page","object_id":"335","menu_item_parent":"255","menu_order":7,"title":"Microsoft","url":"\/about\/power-user\/microsoft-office\/","slug":"340","post_parent":63},{"ID":341,"object":"page","object_id":"333","menu_item_parent":"255","menu_order":8,"title":"Adobe","url":"\/about\/power-user\/adobe\/","slug":"341","post_parent":63},{"ID":262,"object":"page","object_id":"257","menu_item_parent":"19","menu_order":9,"title":"Contact","url":"\/about\/contact\/","slug":"262","post_parent":8},{"ID":263,"object":"page","object_id":"260","menu_item_parent":"19","menu_order":10,"title":"Who is \"We\"?","url":"\/about\/who-is-we\/","slug":"who-is-we","post_parent":8},{"ID":286,"object":"page","object_id":"10","menu_item_parent":"19","menu_order":11,"title":"Blog","url":"\/about\/blog\/","slug":"286","post_parent":8},{"ID":124,"object":"page","object_id":"67","menu_item_parent":"0","menu_order":12,"title":"Photography","url":"\/photography\/","slug":"124","post_parent":0},{"ID":175,"object":"page","object_id":"69","menu_item_parent":"124","menu_order":13,"title":"Video","url":"\/photography\/video\/","slug":"175","post_parent":67},{"ID":218,"object":"page","object_id":"204","menu_item_parent":"124","menu_order":14,"title":"Drone Photography","url":"\/photography\/drone-photography\/","slug":"218","post_parent":67},{"ID":132,"object":"page","object_id":"65","menu_item_parent":"0","menu_order":15,"title":"Data Science","url":"\/data-science\/","slug":"132","post_parent":0},{"ID":220,"object":"page","object_id":"216","menu_item_parent":"132","menu_order":16,"title":"CivicTech","url":"\/data-science\/civic-tech\/","slug":"220","post_parent":65},{"ID":236,"object":"page","object_id":"224","menu_item_parent":"132","menu_order":17,"title":"Maps","url":"\/data-science\/maps\/","slug":"236","post_parent":65},{"ID":169,"object":"page","object_id":"73","menu_item_parent":"0","menu_order":18,"title":"Full Stack","url":"\/full-stack-engineering\/","slug":"169","post_parent":0},{"ID":339,"object":"page","object_id":"337","menu_item_parent":"169","menu_order":19,"title":"Content Management","url":"\/full-stack-engineering\/content-management\/","slug":"339","post_parent":73},{"ID":185,"object":"page","object_id":"11","menu_item_parent":"169","menu_order":20,"title":"Stacks","url":"\/full-stack-engineering\/stacks\/","slug":"185","post_parent":73},{"ID":332,"object":"page","object_id":"330","menu_item_parent":"169","menu_order":21,"title":"Front End","url":"\/full-stack-engineering\/front-end\/","slug":"332","post_parent":73},{"ID":247,"object":"page","object_id":"226","menu_item_parent":"169","menu_order":22,"title":"WordPress","url":"\/full-stack-engineering\/wordpress\/","slug":"wordpress","post_parent":73},{"ID":221,"object":"page","object_id":"157","menu_item_parent":"247","menu_order":23,"title":"Git this Theme","url":"\/full-stack-engineering\/stacks\/git-this-theme\/","slug":"221","post_parent":11},{"ID":183,"object":"page","object_id":"179","menu_item_parent":"0","menu_order":24,"title":"Techspertise","url":"\/techspertise\/","slug":"183","post_parent":0},{"ID":21,"object":"page","object_id":"9","menu_item_parent":"183","menu_order":25,"title":"Consulting","url":"\/techspertise\/consulting\/","slug":"21","post_parent":179},{"ID":174,"object":"page","object_id":"75","menu_item_parent":"21","menu_order":26,"title":"Support","url":"\/techspertise\/support\/","slug":"174","post_parent":179},{"ID":177,"object":"page","object_id":"71","menu_item_parent":"21","menu_order":27,"title":"Training","url":"\/techspertise\/training\/","slug":"177","post_parent":179},{"ID":170,"object":"page","object_id":"2","menu_item_parent":"183","menu_order":28,"title":"Publishing","url":"\/techspertise\/publishing\/","slug":"170","post_parent":179},{"ID":199,"object":"page","object_id":"181","menu_item_parent":"0","menu_order":29,"title":"Tomorrow","url":"\/tomorrow\/","slug":"199","post_parent":0},{"ID":200,"object":"page","object_id":"196","menu_item_parent":"199","menu_order":30,"title":"VR and AR","url":"\/tomorrow\/virtual-and-augmented-reality\/","slug":"200","post_parent":181},{"ID":203,"object":"page","object_id":"189","menu_item_parent":"199","menu_order":31,"title":"Blockchain","url":"\/tomorrow\/blockchain\/","slug":"203","post_parent":181},{"ID":202,"object":"page","object_id":"191","menu_item_parent":"199","menu_order":32,"title":"AI","url":"\/tomorrow\/artificial-intelligence\/","slug":"202","post_parent":181},{"ID":201,"object":"page","object_id":"194","menu_item_parent":"199","menu_order":33,"title":"IoT","url":"\/tomorrow\/internet-of-things\/","slug":"201","post_parent":181}]},{"term_id":2,"name":"Wheel Menu","slug":"wheel-menu","term_group":0,"term_taxonomy_id":2,"taxonomy":"nav_menu","description":"","parent":0,"count":33,"filter":"raw","ID":2,"items":[{"ID":19,"object":"page","object_id":"8","menu_item_parent":"0","menu_order":1,"title":"About","url":"\/","slug":"19","post_parent":0},{"ID":252,"object":"page","object_id":"77","menu_item_parent":"19","menu_order":2,"title":"Projects","url":"\/about\/projects\/","slug":"252","post_parent":8},{"ID":131,"object":"page","object_id":"7","menu_item_parent":"19","menu_order":3,"title":"Ben Erwin","url":"\/about\/benerwin\/","slug":"131","post_parent":8},{"ID":255,"object":"page","object_id":"63","menu_item_parent":"19","menu_order":4,"title":"Power User","url":"\/about\/power-user\/","slug":"255","post_parent":8},{"ID":348,"object":"page","object_id":"344","menu_item_parent":"255","menu_order":5,"title":"Tables of Convenience","url":"\/about\/power-user\/tables-of-convenience\/","slug":"348","post_parent":63},{"ID":349,"object":"page","object_id":"342","menu_item_parent":"255","menu_order":6,"title":"Hardware","url":"\/about\/power-user\/hardware\/","slug":"349","post_parent":63},{"ID":340,"object":"page","object_id":"335","menu_item_parent":"255","menu_order":7,"title":"Microsoft","url":"\/about\/power-user\/microsoft-office\/","slug":"340","post_parent":63},{"ID":341,"object":"page","object_id":"333","menu_item_parent":"255","menu_order":8,"title":"Adobe","url":"\/about\/power-user\/adobe\/","slug":"341","post_parent":63},{"ID":262,"object":"page","object_id":"257","menu_item_parent":"19","menu_order":9,"title":"Contact","url":"\/about\/contact\/","slug":"262","post_parent":8},{"ID":263,"object":"page","object_id":"260","menu_item_parent":"19","menu_order":10,"title":"Who is \"We\"?","url":"\/about\/who-is-we\/","slug":"who-is-we","post_parent":8},{"ID":286,"object":"page","object_id":"10","menu_item_parent":"19","menu_order":11,"title":"Blog","url":"\/about\/blog\/","slug":"286","post_parent":8},{"ID":124,"object":"page","object_id":"67","menu_item_parent":"0","menu_order":12,"title":"Photography","url":"\/photography\/","slug":"124","post_parent":0},{"ID":175,"object":"page","object_id":"69","menu_item_parent":"124","menu_order":13,"title":"Video","url":"\/photography\/video\/","slug":"175","post_parent":67},{"ID":218,"object":"page","object_id":"204","menu_item_parent":"124","menu_order":14,"title":"Drone Photography","url":"\/photography\/drone-photography\/","slug":"218","post_parent":67},{"ID":132,"object":"page","object_id":"65","menu_item_parent":"0","menu_order":15,"title":"Data Science","url":"\/data-science\/","slug":"132","post_parent":0},{"ID":220,"object":"page","object_id":"216","menu_item_parent":"132","menu_order":16,"title":"CivicTech","url":"\/data-science\/civic-tech\/","slug":"220","post_parent":65},{"ID":236,"object":"page","object_id":"224","menu_item_parent":"132","menu_order":17,"title":"Maps","url":"\/data-science\/maps\/","slug":"236","post_parent":65},{"ID":169,"object":"page","object_id":"73","menu_item_parent":"0","menu_order":18,"title":"Full Stack","url":"\/full-stack-engineering\/","slug":"169","post_parent":0},{"ID":339,"object":"page","object_id":"337","menu_item_parent":"169","menu_order":19,"title":"Content Management","url":"\/full-stack-engineering\/content-management\/","slug":"339","post_parent":73},{"ID":185,"object":"page","object_id":"11","menu_item_parent":"169","menu_order":20,"title":"Stacks","url":"\/full-stack-engineering\/stacks\/","slug":"185","post_parent":73},{"ID":332,"object":"page","object_id":"330","menu_item_parent":"169","menu_order":21,"title":"Front End","url":"\/full-stack-engineering\/front-end\/","slug":"332","post_parent":73},{"ID":247,"object":"page","object_id":"226","menu_item_parent":"169","menu_order":22,"title":"WordPress","url":"\/full-stack-engineering\/wordpress\/","slug":"wordpress","post_parent":73},{"ID":221,"object":"page","object_id":"157","menu_item_parent":"247","menu_order":23,"title":"Git this Theme","url":"\/full-stack-engineering\/stacks\/git-this-theme\/","slug":"221","post_parent":11},{"ID":183,"object":"page","object_id":"179","menu_item_parent":"0","menu_order":24,"title":"Techspertise","url":"\/techspertise\/","slug":"183","post_parent":0},{"ID":21,"object":"page","object_id":"9","menu_item_parent":"183","menu_order":25,"title":"Consulting","url":"\/techspertise\/consulting\/","slug":"21","post_parent":179},{"ID":174,"object":"page","object_id":"75","menu_item_parent":"21","menu_order":26,"title":"Support","url":"\/techspertise\/support\/","slug":"174","post_parent":179},{"ID":177,"object":"page","object_id":"71","menu_item_parent":"21","menu_order":27,"title":"Training","url":"\/techspertise\/training\/","slug":"177","post_parent":179},{"ID":170,"object":"page","object_id":"2","menu_item_parent":"183","menu_order":28,"title":"Publishing","url":"\/techspertise\/publishing\/","slug":"170","post_parent":179},{"ID":199,"object":"page","object_id":"181","menu_item_parent":"0","menu_order":29,"title":"Tomorrow","url":"\/tomorrow\/","slug":"199","post_parent":0},{"ID":200,"object":"page","object_id":"196","menu_item_parent":"199","menu_order":30,"title":"VR and AR","url":"\/tomorrow\/virtual-and-augmented-reality\/","slug":"200","post_parent":181},{"ID":203,"object":"page","object_id":"189","menu_item_parent":"199","menu_order":31,"title":"Blockchain","url":"\/tomorrow\/blockchain\/","slug":"203","post_parent":181},{"ID":202,"object":"page","object_id":"191","menu_item_parent":"199","menu_order":32,"title":"AI","url":"\/tomorrow\/artificial-intelligence\/","slug":"202","post_parent":181},{"ID":201,"object":"page","object_id":"194","menu_item_parent":"199","menu_order":33,"title":"IoT","url":"\/tomorrow\/internet-of-things\/","slug":"201","post_parent":181}]}]