[{"id":2,"slug":"publishing","type":"page","title":{"rendered":"Publishing"},"content":{"rendered":"<p>Powersimple is a publisher of Books in both print and digital editions on all major distribution platforms including Amazon, Create Space, Apple iBooks, Nook, Kobo and Google Play.<br \/>\nWe use Adobe InDesign to lay out manuscripts from Microsoft Word and export to ePub, are\u00a0a registered developer with Google and Apple to publish to their stores .<br \/>\n<a href=\"http:\/\/helenerwin.com\/\" target=\"_blank\" rel=\"noopener\">James&#8217; Journey by Helen Lundstr\u00f6m Erwin<\/a> was our first title published in 2015.<\/p>\n","protected":false},"excerpt":{"rendered":"<p>Powersimple is a publisher of Books in both print and digital editions on all major distribution platforms including Amazon, Create Space, Apple iBooks, Nook, Kobo and Google Play. We use Adobe InDesign to lay out manuscripts from Microsoft Word and export to ePub, are\u00a0a registered developer with Google and Apple to publish to their stores [&hellip;]<\/p>\n","protected":false},"featured_media":0,"tags":[],"languages":{"default":"en"},"screen_images":[],"featured_video":{"video_id":"","video_url":"","video_aspect":"hd"},"cats":[1]},{"id":11,"slug":"stacks","type":"page","title":{"rendered":"Stacks"},"content":{"rendered":"<p>Powersimple&#8217;s development stacks evolve with the times.<\/p>\n<p>What is a Stack?<br \/>\nA stack refers to a combination of technologies. that typically comprises an Operating System, A Web Server, and Application Server and a Database. For example: the &#8220;L.A.M.P Stack&#8221; which WordPress runs on, refers to <strong>L<\/strong>inux <strong>A<\/strong>pache <strong>M<\/strong>ySql and <strong>P<\/strong>HP. Stacks don&#8217;t always have convenient acronyms because teams often mix and match their technologies to adapt to their mission.<\/p>\n<p>With the advent of NodeJS the way that developers include modular software into their build systems has made processes run more efficiently. Git technology has evolved as industry standard version control, enabling efficient collaboration among remote teams.<\/p>\n","protected":false},"excerpt":{"rendered":"<p>Powersimple&#8217;s development stacks evolve with the times. What is a Stack? A stack refers to a combination of technologies. that typically comprises an Operating System, A Web Server, and Application Server and a Database. For example: the &#8220;L.A.M.P Stack&#8221; which WordPress runs on, refers to Linux Apache MySql and PHP. Stacks don&#8217;t always have convenient [&hellip;]<\/p>\n","protected":false},"featured_media":0,"tags":[],"languages":{"default":"en"},"screen_images":[],"featured_video":{"video_id":"","video_url":"","video_aspect":"hd"},"cats":[23]},{"id":10,"slug":"blog","type":"page","title":{"rendered":"Blog"},"content":{"rendered":"","protected":false},"excerpt":{"rendered":"","protected":false},"featured_media":0,"tags":[],"languages":{"default":"en"},"screen_images":[],"featured_video":{"video_id":"","video_url":"","video_aspect":"hd"},"cats":[]},{"id":9,"slug":"consulting","type":"page","title":{"rendered":"Consulting"},"content":{"rendered":"<p>Powersimple&#8217;s approach to web technology is wholistic. We have extensive experience in working with teams to develop strong executions for projects, sites and campaigns. From concept and wireframing to editorial and design, audio and visual to UX and development through quality assurance to launch.<\/p>\n","protected":false},"excerpt":{"rendered":"<p>Powersimple&#8217;s approach to web technology is wholistic. We have extensive experience in working with teams to develop strong executions for projects, sites and campaigns. From concept and wireframing to editorial and design, audio and visual to UX and development through quality assurance to launch.<\/p>\n","protected":false},"featured_media":0,"tags":[],"languages":{"default":"en"},"screen_images":[],"featured_video":{"video_id":"","video_url":"","video_aspect":""},"cats":[]},{"id":8,"slug":"about","type":"page","title":{"rendered":"About"},"content":{"rendered":"<p>Powersimple, LLC was founded in 1997 to provide forward-thinking Web Development solutions.<\/p>\n<p>We specialize in custom projects and support, developed on the most popular stacks using tomorrow&#8217;s best practices, ensuring a long life and device compatibility for your project. Powersimple builds interactive campaigns for top agencies such as The New York Times&#8217; T-Brand Studio, Likeable Media, and Ember Media and their Fortune 500 clients. Powersimple&#8217;s approach to web technology is wholistic. We have worked extensively with agency teams and directly with clients to develop strong executions for projects, sites and campaigns; specializing in integration of vast datasets into bespoke user experiences.<\/p>\n","protected":false},"excerpt":{"rendered":"<p>Powersimple, LLC was founded in 1997 to provide forward-thinking Web Development solutions. We specialize in custom projects and support, developed on the most popular stacks using tomorrow&#8217;s best practices, ensuring a long life and device compatibility for your project. Powersimple builds interactive campaigns for top agencies such as The New York Times&#8217; T-Brand Studio, Likeable [&hellip;]<\/p>\n","protected":false},"featured_media":155,"tags":[],"languages":{"default":"en","sv":{"id":304}},"screen_images":[],"featured_video":{"video_id":"","video_url":"","video_aspect":"hd"},"cats":[]},{"id":7,"slug":"benerwin","type":"page","title":{"rendered":"Ben Erwin"},"content":{"rendered":"","protected":false},"excerpt":{"rendered":"","protected":false},"featured_media":240,"tags":[],"languages":{"default":"en"},"screen_images":[],"featured_video":{"video_id":"","video_url":"","video_aspect":"hd"},"cats":[]},{"id":65,"slug":"data-science","type":"page","title":{"rendered":"Data Science"},"content":{"rendered":"<p>Ben has 25 years experience and a savant-like gift for simplifying large, complex and disparate data sets into flat tables and relational databases for publication into lean, highly optimized static files for the data-driven web applications.<\/p>\n<p>Powersimple specializes in acquisition, parsing, analysis, cleaning and migration of documents, speadsheets, reports, surveys, lists, geospatial information, statistics. Powersimple is also adept at building interfaces that capture and display vast resources within a few clicks.<\/p>\n","protected":false},"excerpt":{"rendered":"<p>Ben has 25 years experience and a savant-like gift for simplifying large, complex and disparate data sets into flat tables and relational databases for publication into lean, highly optimized static files for the data-driven web applications. Powersimple specializes in acquisition, parsing, analysis, cleaning and migration of documents, speadsheets, reports, surveys, lists, geospatial information, statistics. Powersimple [&hellip;]<\/p>\n","protected":false},"featured_media":0,"tags":[28],"languages":{"default":"en"},"screen_images":[],"featured_video":{"video_id":"","video_url":"","video_aspect":"hd"},"cats":[8,13]},{"id":73,"slug":"full-stack-engineering","type":"page","title":{"rendered":"Full Stack"},"content":{"rendered":"","protected":false},"excerpt":{"rendered":"","protected":false},"featured_media":0,"tags":[],"languages":{"default":"en"},"screen_images":[],"featured_video":{"video_id":"","video_url":"","video_aspect":"hd"},"cats":[23]},{"id":75,"slug":"support","type":"page","title":{"rendered":"Support"},"content":{"rendered":"","protected":false},"excerpt":{"rendered":"","protected":false},"featured_media":0,"tags":[],"languages":{"default":"en"},"screen_images":[],"featured_video":{"video_id":"","video_url":"","video_aspect":"hd"},"cats":[]},{"id":67,"slug":"photography","type":"page","title":{"rendered":"Photography"},"content":{"rendered":"<p>Gifted a Pentax 35mm camera equipment as a 12 year old, Ben began his passion for photography using his Manhattan apartment&#8217;s bathroom as a darkroom. Mixing his own chemicals, developing his own negatives and prints, these skills helped him build a portfolio that got him accepted to the High of Art and Design, where he studied video production. From analog to digital, Ben has been working in Photoshop and Premiere since the 90s, and provides location and studio visual creative production services to balance the left and the right side of his brain.<\/p>\n","protected":false},"excerpt":{"rendered":"<p>Gifted a Pentax 35mm camera equipment as a 12 year old, Ben began his passion for photography using his Manhattan apartment&#8217;s bathroom as a darkroom. Mixing his own chemicals, developing his own negatives and prints, these skills helped him build a portfolio that got him accepted to the High of Art and Design, where he [&hellip;]<\/p>\n","protected":false},"featured_media":0,"tags":[],"languages":{"default":"en"},"screen_images":["280","279","278","277"],"featured_video":{"video_id":"","video_url":"","video_aspect":"hd"},"cats":[]},{"id":69,"slug":"video","type":"page","title":{"rendered":"Video"},"content":{"rendered":"","protected":false},"excerpt":{"rendered":"","protected":false},"featured_media":0,"tags":[],"languages":{"default":"en"},"screen_images":[],"featured_video":{"video_id":"","video_url":"","video_aspect":""},"cats":[]},{"id":71,"slug":"training","type":"page","title":{"rendered":"Training"},"content":{"rendered":"<p>Ben has been doing corporate, private and vocational training for over 20 years. His father was a history teacher and passed on his love of sharing knowledge. <\/p>\n","protected":false},"excerpt":{"rendered":"<p>Ben has been doing corporate, private and vocational training for over 20 years. His father was a history teacher and passed on his love of sharing knowledge.<\/p>\n","protected":false},"featured_media":0,"tags":[],"languages":{"default":"en"},"screen_images":[],"featured_video":{"video_id":"","video_url":"","video_aspect":"hd"},"cats":[]},{"id":63,"slug":"power-user","type":"page","title":{"rendered":"Power User"},"content":{"rendered":"<p>Ben is a Hardware and Software Power User. He builds his own desks and desktop computing systems to handle multi-tasking with demanding resource intensive applications.\u00a0 Ben has over 20 years experience using the Microsoft and Adobe suites, and is constantly evaluating promising new products and\u00a0 technology stacks and integrating them into his workflow.\u00a0His ergonomic desks maximize screen real estate for development of both software and audio\/visual media.<\/p>\n","protected":false},"excerpt":{"rendered":"<p>Ben is a Hardware and Software Power User. He builds his own desks and desktop computing systems to handle multi-tasking with demanding resource intensive applications.\u00a0 Ben has over 20 years experience using the Microsoft and Adobe suites, and is constantly evaluating promising new products and\u00a0 technology stacks and integrating them into his workflow.\u00a0His ergonomic desks [&hellip;]<\/p>\n","protected":false},"featured_media":0,"tags":[],"languages":{"default":"en"},"screen_images":[],"featured_video":{"video_id":"","video_url":"","video_aspect":"hd"},"cats":[]},{"id":77,"slug":"projects","type":"page","title":{"rendered":"Projects"},"content":{"rendered":"<p>In another life, Ben Erwin ran the National Call Center for Hair Club for Men. There he developed his data skills, reporting appointment statistics for 60 salons across the US and Canada. In 1997, it was the frontier of this thing called the Internet represented vast opportunity, so he started his own business and taught himself to make websites. Powersimple began making small brochure sites for artists and entrepreneurs and later became a contractor for the United Nations for 13 years.\u00a0 Later, Powersimple developed native advertising campaigns for working for agencies such as EmberMedia, Likeable Media, and the New York Times&#8217; T-Brand Studio.<\/p>\n","protected":false},"excerpt":{"rendered":"<p>In another life, Ben Erwin ran the National Call Center for Hair Club for Men. There he developed his data skills, reporting appointment statistics for 60 salons across the US and Canada. In 1997, it was the frontier of this thing called the Internet represented vast opportunity, so he started his own business and taught [&hellip;]<\/p>\n","protected":false},"featured_media":0,"tags":[],"languages":{"default":"en"},"screen_images":[],"featured_video":{"video_id":"","video_url":"","video_aspect":"hd"},"cats":[]},{"id":157,"slug":"git-this-theme","type":"page","title":{"rendered":"Git this Theme"},"content":{"rendered":"<p>Why the fork should I?<br \/>\nMiss those good old Flash single page navigation with lots of bells and whistles. Tired of yet another one page scroll site? We feel you.<br \/>\nThis completely free, open-source wordpress theme works all kinds of magic.<br \/>\nIt comes with some great front end bells and whistles including an original nested ring implementation of WheelNav, with a JQueryUI slider wired into a slick carousel with a dynamically positioned video mask.<br \/>\nAll the content is served via the wordpress rest-api with custom data <\/p>\n","protected":false},"excerpt":{"rendered":"<p>Why the fork should I? Miss those good old Flash single page navigation with lots of bells and whistles. Tired of yet another one page scroll site? We feel you. This completely free, open-source wordpress theme works all kinds of magic. It comes with some great front end bells and whistles including an original nested [&hellip;]<\/p>\n","protected":false},"featured_media":0,"tags":[],"languages":{"default":"en"},"screen_images":[],"featured_video":{"video_id":"","video_url":"","video_aspect":"hd"},"cats":[]},{"id":179,"slug":"techspertise","type":"page","title":{"rendered":"Techspertise"},"content":{"rendered":"<p>Ben Erwin is a digital polymath, autodidact, power-user, early adopter and developer and observer of web technology and data-driven applications.<\/p>\n","protected":false},"excerpt":{"rendered":"<p>Ben Erwin is a digital polymath, autodidact, power-user, early adopter and developer and observer of web technology and data-driven applications.<\/p>\n","protected":false},"featured_media":0,"tags":[],"languages":{"default":"en"},"screen_images":[],"featured_video":{"video_id":"","video_url":"","video_aspect":"hd"},"cats":[]},{"id":181,"slug":"tomorrow","type":"page","title":{"rendered":"Tomorrow"},"content":{"rendered":"<p>When Powersimple began, the Internet was an emerging technology. Now Web 3.0 is here and Blockchain, AI along with Machine Learning, Robotics, Autonomous Vehicles, 3D-Printing, and the Internet of Things are in their early phases and will mature quickly and be more transformational to society than any previous era in human history. As these new technologies are being integrated the fourth industrial revolution is upon us.<\/p>\n","protected":false},"excerpt":{"rendered":"<p>When Powersimple began, the Internet was an emerging technology. Now Web 3.0 is here and Blockchain, AI along with Machine Learning, Robotics, Autonomous Vehicles, 3D-Printing, and the Internet of Things are in their early phases and will mature quickly and be more transformational to society than any previous era in human history. As these new [&hellip;]<\/p>\n","protected":false},"featured_media":0,"tags":[],"languages":{"default":"en"},"screen_images":[],"featured_video":{"video_id":"","video_url":"","video_aspect":"hd"},"cats":[]},{"id":189,"slug":"blockchain","type":"page","title":{"rendered":"Blockchain"},"content":{"rendered":"<p>Blockchain is a great disruptor for use-cases that benefit from decentralization and immutability of data. Supply-chain logistics and funds transfer clearance, are two industrial examples that go beyond digital currency and are game-changers because they eliminate the middle man. Though ostensibly, the blockchain itself then becomes the middle man.<\/p>\n<p>In 2017, Ben founded the Facebook group &#8220;<a href=\"https:\/\/www.facebook.com\/groups\/blockchainandthebigpicture\/\" target=\"_blank\" rel=\"noopener\">Blockchain and the Big Picture<\/a>&#8220;, tracking the global adoption, regulation and events in the space. Powersimple is most interested in how Blockchain can be useful in Civic-Tech to provide verifiable data for policy making and expression of political will to legacy and future governance institutions.<\/p>\n","protected":false},"excerpt":{"rendered":"<p>Blockchain is a great disruptor for use-cases that benefit from decentralization and immutability of data. Supply-chain logistics and funds transfer clearance, are two industrial examples that go beyond digital currency and are game-changers because they eliminate the middle man. Though ostensibly, the blockchain itself then becomes the middle man. In 2017, Ben founded the Facebook [&hellip;]<\/p>\n","protected":false},"featured_media":282,"tags":[],"languages":{"default":"en"},"screen_images":[],"featured_video":{"video_id":"","video_url":"","video_aspect":"hd"},"cats":[]},{"id":191,"slug":"artificial-intelligence","type":"page","title":{"rendered":"AI"},"content":{"rendered":"<p>For better or worse, Artificial Intelligence is already changing society and it&#8217;s rate of evolution is rapidly accelerating. <\/p>\n","protected":false},"excerpt":{"rendered":"<p>For better or worse, Artificial Intelligence is already changing society and it&#8217;s rate of evolution is rapidly accelerating.<\/p>\n","protected":false},"featured_media":0,"tags":[],"languages":{"default":"en"},"screen_images":[],"featured_video":{"video_id":"","video_url":"","video_aspect":"hd"},"cats":[]},{"id":194,"slug":"internet-of-things","type":"page","title":{"rendered":"IoT"},"content":{"rendered":"","protected":false},"excerpt":{"rendered":"","protected":false},"featured_media":0,"tags":[],"languages":{"default":"en"},"screen_images":[],"featured_video":{"video_id":"","video_url":"","video_aspect":"hd"},"cats":[]},{"id":196,"slug":"virtual-and-augmented-reality","type":"page","title":{"rendered":"VR and AR"},"content":{"rendered":"","protected":false},"excerpt":{"rendered":"","protected":false},"featured_media":0,"tags":[],"languages":{"default":"en"},"screen_images":[],"featured_video":{"video_id":"","video_url":"","video_aspect":"hd"},"cats":[]},{"id":204,"slug":"drone-photography","type":"page","title":{"rendered":"Drone Photography"},"content":{"rendered":"","protected":false},"excerpt":{"rendered":"","protected":false},"featured_media":274,"tags":[],"languages":{"default":"en"},"screen_images":[],"featured_video":{"video_id":"275","video_url":"","video_aspect":"hd"},"cats":[]},{"id":216,"slug":"civic-tech","type":"page","title":{"rendered":"CivicTech"},"content":{"rendered":"<p>The worldwide CivicTech movement aspires to empower citizenry to be given a voice in their governance. GovTech is what the government uses to run us. CivicTech is what we use to run the government. Disruption is coming and we all need to work together to use evolve civic tech to produce positive social outcomes.<\/p>\n","protected":false},"excerpt":{"rendered":"<p>The worldwide CivicTech movement aspires to empower citizenry to be given a voice in their governance. GovTech is what the government uses to run us. CivicTech is what we use to run the government. Disruption is coming and we all need to work together to use evolve civic tech to produce positive social outcomes.<\/p>\n","protected":false},"featured_media":367,"tags":[],"languages":{"default":"en"},"screen_images":[],"featured_video":{"video_id":"","video_url":"","video_aspect":"hd"},"cats":[8,10]},{"id":224,"slug":"maps","type":"page","title":{"rendered":"Maps"},"content":{"rendered":"<p>Powersimple has particular expertise and passion for developing data-driven maps for all major platform including Google Maps, Google Earth, Open Street Map, D3 and jVectorMap.<br \/>\nGive us a data set you need plotted and unleash the magic.<\/p>\n","protected":false},"excerpt":{"rendered":"<p>Powersimple has particular expertise and passion for developing data-driven maps for all major platform including Google Maps, Google Earth, Open Street Map, D3 and jVectorMap. Give us a data set you need plotted and unleash the magic.<\/p>\n","protected":false},"featured_media":378,"tags":[28],"languages":{"default":"en"},"screen_images":[],"featured_video":{"video_id":"","video_url":"","video_aspect":"hd"},"cats":[]},{"id":226,"slug":"wordpress","type":"page","title":{"rendered":"WordPress"},"content":{"rendered":"<p>Powersimple has been specializing in WordPress development for over a decade, making bespoke multi-lingual themes, data apis, and deep document archives with sophisticated navigation. We&#8217;ve used it as a CMS to power applications to give editorial teams.<\/p>\n","protected":false},"excerpt":{"rendered":"<p>Powersimple has been specializing in WordPress development for over a decade, making bespoke multi-lingual themes, data apis, and deep document archives with sophisticated navigation. We&#8217;ve used it as a CMS to power applications to give editorial teams.<\/p>\n","protected":false},"featured_media":0,"tags":[],"languages":{"default":"en"},"screen_images":[],"featured_video":{"video_id":"","video_url":"","video_aspect":"hd"},"cats":[20]},{"id":237,"slug":"archives","type":"page","title":{"rendered":"Archives"},"content":{"rendered":"","protected":false},"excerpt":{"rendered":"","protected":false},"featured_media":0,"tags":[],"languages":{"default":"en"},"screen_images":[],"featured_video":{"video_id":"","video_url":"","video_aspect":"hd"},"cats":[]},{"id":257,"slug":"contact","type":"page","title":{"rendered":"Contact"},"content":{"rendered":"","protected":false},"excerpt":{"rendered":"","protected":false},"featured_media":0,"tags":[],"languages":{"default":"en"},"screen_images":[],"featured_video":{"video_id":"","video_url":"","video_aspect":"hd"},"cats":[]},{"id":260,"slug":"who-is-we","type":"page","title":{"rendered":"Who is &#8220;We&#8221;?"},"content":{"rendered":"<p>Powersimple, LLC is owned by Ben and David Erwin.<br \/>\nBen is the founder, principal and lead developer of the company.<br \/>\nDavid is presently a developer for The New York Times.<br \/>\nPowersimple has an extensive network of specialists from across the field of technology ready to consult on projects of scale.<\/p>\n","protected":false},"excerpt":{"rendered":"<p>Powersimple, LLC is owned by Ben and David Erwin. Ben is the founder, principal and lead developer of the company. David is presently a developer for The New York Times. Powersimple has an extensive network of specialists from across the field of technology ready to consult on projects of scale.<\/p>\n","protected":false},"featured_media":0,"tags":[],"languages":{"default":"en"},"screen_images":[],"featured_video":{"video_id":"","video_url":"","video_aspect":"hd"},"cats":[]},{"id":324,"slug":"full-circle-wordpress-theme","type":"page","title":{"rendered":"Full Circle &#8211; WordPress Theme"},"content":{"rendered":"<p>Celebrating 10 years of data intensive, multilingual content management Powersimple is proud to present the reinvention of the WordPress theme.<br \/>\nWe say this in all humility, because this theme stands on the shoulders of giants.<br \/>\nBuilt on Gulp foundation, with SASS and BrowserSync, this content uses some great front-end libraries such as the brilliant WheelNav\u00a0 in an original nested configuration, driven by a slider and is accessible. It uses WPML as a multi-lingual frame work. Most importantly, it uses the REST API with custom endpoints to pull down data in static bite-size packets with no server load because they are pre-published.\u00a0 These data structures can easily be used for any framework.<br \/>\nThe most important parts of WordPress are<\/p>\n","protected":false},"excerpt":{"rendered":"<p>Celebrating 10 years of data intensive, multilingual content management Powersimple is proud to present the reinvention of the WordPress theme. We say this in all humility, because this theme stands on the shoulders of giants. Built on Gulp foundation, with SASS and BrowserSync, this content uses some great front-end libraries such as the brilliant WheelNav\u00a0 [&hellip;]<\/p>\n","protected":false},"featured_media":0,"tags":[],"languages":{"default":"en"},"screen_images":[],"featured_video":{"video_id":"","video_url":"","video_aspect":"hd"},"cats":[]},{"id":330,"slug":"front-end","type":"page","title":{"rendered":"Front End"},"content":{"rendered":"","protected":false},"excerpt":{"rendered":"","protected":false},"featured_media":0,"tags":[],"languages":{"default":"en"},"screen_images":[],"featured_video":{"video_id":"","video_url":"","video_aspect":"hd"},"cats":[14]},{"id":333,"slug":"adobe","type":"page","title":{"rendered":"Adobe"},"content":{"rendered":"","protected":false},"excerpt":{"rendered":"","protected":false},"featured_media":0,"tags":[],"languages":{"default":"en"},"screen_images":[],"featured_video":{"video_id":"","video_url":"","video_aspect":"hd"},"cats":[]},{"id":335,"slug":"microsoft-office","type":"page","title":{"rendered":"Microsoft"},"content":{"rendered":"","protected":false},"excerpt":{"rendered":"","protected":false},"featured_media":0,"tags":[],"languages":{"default":"en"},"screen_images":[],"featured_video":{"video_id":"","video_url":"","video_aspect":"hd"},"cats":[]},{"id":337,"slug":"content-management","type":"page","title":{"rendered":"Content Management"},"content":{"rendered":"","protected":false},"excerpt":{"rendered":"","protected":false},"featured_media":0,"tags":[],"languages":{"default":"en"},"screen_images":[],"featured_video":{"video_id":"","video_url":"","video_aspect":"hd"},"cats":[38]},{"id":342,"slug":"hardware","type":"page","title":{"rendered":"Hardware"},"content":{"rendered":"","protected":false},"excerpt":{"rendered":"","protected":false},"featured_media":0,"tags":[],"languages":{"default":"en"},"screen_images":[],"featured_video":{"video_id":"","video_url":"","video_aspect":"hd"},"cats":[]},{"id":344,"slug":"tables-of-convenience","type":"page","title":{"rendered":"Tables of Convenience"},"content":{"rendered":"<p>It&#8217;s not enough to simply have a desk, or to have ergonomics. From the dawn of powersimple Ben has been building his own desks, and most of them are on wheels and have many monitors. There&#8217;s a whole story to tell.<\/p>\n","protected":false},"excerpt":{"rendered":"<p>It&#8217;s not enough to simply have a desk, or to have ergonomics. From the dawn of powersimple Ben has been building his own desks, and most of them are on wheels and have many monitors. There&#8217;s a whole story to tell.<\/p>\n","protected":false},"featured_media":0,"tags":[],"languages":{"default":"en"},"screen_images":[],"featured_video":{"video_id":"","video_url":"","video_aspect":"hd"},"cats":[]}]