{"304":{"id":304,"title":"Om oss","content":"Powersimple, LLC grundades 1997 f\u00f6r att tillhandah\u00e5lla fram\u00e5tblickande webbutvecklingsl\u00f6sningar.\r\n\r\nVi \u00e4r specialiserade p\u00e5 anpassade projekt och support, utvecklade p\u00e5 de mest popul\u00e4ra staplarna med morgondagens b\u00e4sta praxis, vilket garanterar ett l\u00e5ng livsl\u00e4ngd och enhetskompatibilitet f\u00f6r ditt projekt. Powersimple bygger interaktiva kampanjer f\u00f6r toppbyr\u00e5er som The New York Times T-Brand Studio, Likeable Media och Ember Media och deras Fortune 500-klienter. Powersimples tillv\u00e4gag\u00e5ngss\u00e4tt till webbteknologi \u00e4r wholistic. Vi har arbetat utf\u00f6rligt med byr\u00e5steam och direkt med kunder f\u00f6r att utveckla starka avr\u00e4ttningar f\u00f6r projekt, webbplatser och kampanjer. specialiserat p\u00e5 integration av stora dataset i skr\u00e4ddarsydda anv\u00e4ndarupplevelser.","type":"page","slug":"about","of":8}}