[{"id":24,"name":"Accessibility","slug":"accessibility","posts":[101]},{"id":15,"name":"Cinemagraph","slug":"cinemagraph","posts":[93,95]},{"id":27,"name":"Document","slug":"document","posts":[102]},{"id":26,"name":"Document Library","slug":"document-library","posts":[102,101]},{"id":16,"name":"Header Video","slug":"header-video","posts":[95]},{"id":17,"name":"Highcharts","slug":"highcharts","posts":[95]},{"id":25,"name":"Multilingual","slug":"multilingual","posts":[102,101]},{"id":28,"name":"Optimization","slug":"optimization","posts":[224,65]},{"id":18,"name":"Press Release Archives","slug":"press-release-archives","posts":[95]},{"id":9,"name":"Quiz","slug":"quiz","posts":[95]},{"id":5,"name":"The New York Times","slug":"the-new-york-times","posts":[82]},{"id":22,"name":"United Nations","slug":"united-nations","posts":[]}]